"GCM","bio1 (ºC)","bio12 (mm)","Delta bio1 (ºC)","Delta bio12 (mm)"
"BCC.CSM2.MR",15.2166091814563,742.971379523395,3.44096745843879,-1.49934944210229
"BASELINE",11.7756417230175,744.470728965497,0,0
"CNRM.CM6.1",15.6172398478012,757.995362370726,3.84159812478368,13.5246334052287
"MIROC.ES2L",15.4165207707789,760.823353995416,3.64087904776138,16.3526250299185
"MIROC6",15.3200642203905,765.296445947442,3.54442249737304,20.8257169819447
"ENSEMBLE",15.6460337295423,770.328946051434,3.87039200652485,25.8582170859365
"CNRM.ESM2.1",15.835808257046,774.121750496981,4.06016653402851,29.6510215314836
"IPSL.CM6A.LR",15.917538898345,782.632801446911,4.14189717532753,38.1620724814137
"CanESM5",16.7485319063683,788.883853616243,4.9728901833508,44.4131246507451
"MRI.ESM2.0",15.0959567541525,789.906621014357,3.32031503113504,45.4358920488601
